序号,订单号,追踪码,面单,请求信息
0,1165134979081,9374869903503487122167,http://logistics.kokoerp.com/data/label/20190117/1165134979081.jpg,sucess
1,1165148881081,9374869903503487122198,http://logistics.kokoerp.com/data/label/20190117/1165148881081.jpg,sucess
2,1165157402081,9374869903503487122228,http://logistics.kokoerp.com/data/label/20190117/1165157402081.jpg,sucess
3,1165165995081,9374869903503487122280,http://logistics.kokoerp.com/data/label/20190117/1165165995081.jpg,sucess
4,1165175514081,9374869903503487122358,http://logistics.kokoerp.com/data/label/20190117/1165175514081.jpg,sucess
5,1165184825081,9374869903503487122396,http://logistics.kokoerp.com/data/label/20190117/1165184825081.jpg,sucess
6,1165187701081,9374869903503487122440,http://logistics.kokoerp.com/data/label/20190117/1165187701081.jpg,sucess
7,1165191090081,9374869903503487122488,http://logistics.kokoerp.com/data/label/20190117/1165191090081.jpg,sucess
8,1165191996081,9374869903503487122532,http://logistics.kokoerp.com/data/label/20190117/1165191996081.jpg,sucess
9,1165205284081,9374869903503487122570,http://logistics.kokoerp.com/data/label/20190117/1165205284081.jpg,sucess
10,1165210049081,9374869903503487122600,http://logistics.kokoerp.com/data/label/20190117/1165210049081.jpg,sucess
11,1165210054081,9374869903503487122679,http://logistics.kokoerp.com/data/label/20190117/1165210054081.jpg,sucess
12,1165210072081,9374869903503487122716,http://logistics.kokoerp.com/data/label/20190117/1165210072081.jpg,sucess
13,1165212070081,9374869903503487122778,http://logistics.kokoerp.com/data/label/20190117/1165212070081.jpg,sucess
14,1165213501081,9374869903503487122839,http://logistics.kokoerp.com/data/label/20190117/1165213501081.jpg,sucess
15,1165213880081,9374869903503487122891,http://logistics.kokoerp.com/data/label/20190117/1165213880081.jpg,sucess
16,1165215307081,9374869903503487122938,http://logistics.kokoerp.com/data/label/20190117/1165215307081.jpg,sucess
17,1165216897081,9374869903503487122969,http://logistics.kokoerp.com/data/label/20190117/1165216897081.jpg,sucess
18,1165218025081,9374869903503487123034,http://logistics.kokoerp.com/data/label/20190117/1165218025081.jpg,sucess
19,1165220797081,9374869903503487123058,http://logistics.kokoerp.com/data/label/20190117/1165220797081.jpg,sucess

